"Profile of Marital Status, Common-law Status, Families, Dwellings and Households, for Canada, Provinces, Territories, Census Divisions and Census Subdivisions, 2001 Census"
"Geography = Canada [1]"
"Total population 15 years and over by legal marital status - 100% Data [2]",24281560
"  Never legally married (single)",8139330
"  Legally married (and not separated)",12011680
"  Separated, but still legally married",733870
"  Divorced",1854770
"  Widowed",1541915
"Total population 15 years and over by common-law status - 100% Data [3]",24281560
"  Not in a common-law relationship",21996725
"  In a common-law relationship",2284830
"Total number of census families in private households - 20% Sample Data [4]",8371020
"  Total couple families by family structure and number of children - 20% Sample Data [5]",7059830
"    Married couples",5901425
"      Without children at home",2431725
"      With children at home",3469705
"        1 child",1229055
"        2 children",1518475
"        3 or more children",722170
"    Common-law couples",1158405
"      Without children at home",627505
"      With children at home",530905
"        1 child",254380
"        2 children",197795
"        3 or more children",78730
"  Total lone-parent families by sex of parent and number of children - 20% Sample Data [6]",1311190
"    Female parent",1065360
"      1 child",638430
"      2 children",307635
"      3 or more children",119295
"    Male parent",245825
"      1 child",163240
"      2 children",63450
"      3 or more children",19130
"Total number of children at home - 20% Sample Data [7]",9582615
"  Under 6 years of age",2064230
"  6-14 years",3614095
"  15-17 years",1201505
"  18-24 years",1790200
"  25 years and over",912590
"Average number of children at home per census family [8]",1.1
"Total number of persons in private households - 20% Sample Data [9]",29522300
"  Number of non-family persons",4508835
"    Living with relatives [10]",554480
"    Living with non-relatives only",977480
"    Living alone",2976875
"  Number of family persons",25013470
"Average number of persons per census family",3.0
"Total number of persons 65 years and over - 20% Sample Data [11]",3603180
"  Number of non-family persons 65 years and over",1296135
"    Living with relatives [12]",195250
"    Living with non-relatives only",60865
"    Living alone",1040020
"  Number of family persons 65 years and over",2307045
"Total number of occupied private dwellings - 20% Sample Data [13]",11562975
"Average number of rooms per dwelling",6.3
"Average number of bedrooms per dwelling",2.7
"Owned",7610385
"Rented",3907170
"Band housing",45420
"Regular maintenance only",7554135
"Minor repairs",3060600
"Major repairs",948235
"Period of construction, before 1946",1661635
"Period of construction, 1946-1960",1819730
"Period of construction, 1961-1970",1833295
"Period of construction, 1971-1980",2460455
"Period of construction, 1981-1990",2080735
"Period of construction, 1991-1995",887255
"Period of construction, 1996-2001 [14]",819860
"Total number of occupied private dwellings by structural type of dwelling - 100% Data [15]",11562975
"  Single-detached house",6615365
"  Semi-detached house",561345
"  Row house",615850
"  Apartment, detached duplex",419760
"  Apartment, building that has five or more storeys",1050195
"  Apartment, building that has fewer than five storeys [16]",2100835
"  Other single-attached house",42055
"  Movable dwelling [17]",157565
"Total number of private households by household size - 100% Data [18]",11562975
"  1 person",2981055
"  2 persons",3773335
"  3 persons",1880225
"  4-5 persons",2574085
"  6 or more persons",354275
"Number of persons in private households",29522305
"Average number of persons in private households",2.6
"Total number of private households by household type - 20% Sample Data [19]",11562975
"  One-family households",7951965
"  Multiple-family households",203595
"  Non-family households",3407415
"Profile of Marital Status, Common-law Status, Families, Dwellings and Households, for Canada, Provinces, Territories, Census Divisions and Census Subdivisions, 2001 Census"
"Geography = Newfoundland and Labrador - Terre-Neuve-et-Labrador"
"Total population 15 years and over by legal marital status - 100% Data [1]",424160
"  Never legally married (single)",131650
"  Legally married (and not separated)",235015
"  Separated, but still legally married",8485
"  Divorced",20310
"  Widowed",28700
"Total population 15 years and over by common-law status - 100% Data [2]",424160
"  Not in a common-law relationship",395380
"  In a common-law relationship",28775
"Total number of census families in private households - 20% Sample Data [3]",154385
"  Total couple families by family structure and number of children - 20% Sample Data [4]",131330
"    Married couples",116440
"      Without children at home",46150
"      With children at home",70285
"        1 child",30310
"        2 children",29970
"        3 or more children",10000
"    Common-law couples",14895
"      Without children at home",7665
"      With children at home",7230
"        1 child",3895
"        2 children",2345
"        3 or more children",995
"  Total lone-parent families by sex of parent and number of children - 20% Sample Data [5]",23050
"    Female parent",18935
"      1 child",12155
"      2 children",5130
"      3 or more children",1650
"    Male parent",4120
"      1 child",2900
"      2 children",975
"      3 or more children",235
"Total number of children at home - 20% Sample Data [6]",167590
"  Under 6 years of age",30290
"  6-14 years",58110
"  15-17 years",23015
"  18-24 years",37005
"  25 years and over",19165
"Average number of children at home per census family [7]",1.1
"Total number of persons in private households - 20% Sample Data [8]",507245
"  Number of non-family persons",53935
"    Living with relatives [9]",9735
"    Living with non-relatives only",10140
"    Living alone",34060
"  Number of family persons",453310
"Average number of persons per census family",2.9
"Total number of persons 65 years and over - 20% Sample Data [10]",58865
"  Number of non-family persons 65 years and over",20020
"    Living with relatives [11]",4920
"    Living with non-relatives only",790
"    Living alone",14315
"  Number of family persons 65 years and over",38845
"Total number of occupied private dwellings - 20% Sample Data [12]",189040
"Average number of rooms per dwelling",7.0
"Average number of bedrooms per dwelling",3.0
"Owned",147750
"Rented",41170
"Band housing",125
"Regular maintenance only",118690
"Minor repairs",52495
"Major repairs",17860
"Period of construction, before 1946",21205
"Period of construction, 1946-1960",29260
"Period of construction, 1961-1970",30415
"Period of construction, 1971-1980",45045
"Period of construction, 1981-1990",36280
"Period of construction, 1991-1995",15620
"Period of construction, 1996-2001 [13]",11225
"Total number of occupied private dwellings by structural type of dwelling - 100% Data [14]",189045
"  Single-detached house",142335
"  Semi-detached house",7205
"  Row house",9865
"  Apartment, detached duplex",17140
"  Apartment, building that has five or more storeys",945
"  Apartment, building that has fewer than five storeys [15]",9600
"  Other single-attached house",605
"  Movable dwelling [16]",1345
"Total number of private households by household size - 100% Data [17]",189040
"  1 person",34115
"  2 persons",63655
"  3 persons",40240
"  4-5 persons",47095
"  6 or more persons",3945
"Number of persons in private households",507245
"Average number of persons in private households",2.7
"Average number of persons in private households",2.7
"Average number of persons in private households",2.7
"Total number of private households by household type - 20% Sample Data [18]",189040
"  One-family households",146630
"  Multiple-family households",3835
"  Non-family households",38575
"Profile of Marital Status, Common-law Status, Families, Dwellings and Households, for Canada, Provinces, Territories, Census Divisions and Census Subdivisions, 2001 Census"
"Geography = Prince Edward Island - Œle-du-Prince-…douard"
"Total population 15 years and over by legal marital status - 100% Data [1]",108650
"  Never legally married (single)",33715
"  Legally married (and not separated)",57675
"  Separated, but still legally married",3495
"  Divorced",6005
"Total population 15 years and over by common-law status - 100% Data [2]",108645
"  Not in a common-law relationship",101625
"  In a common-law relationship",7025
"Total number of census families in private households - 20% Sample Data [3]",38425
"  Total couple families by family structure and number of children - 20% Sample Data [4]",32120
"    Married couples",28490
"      Without children at home",11475
"      With children at home",17015
"        1 child",6210
"        2 children",6590
"        3 or more children",4210
"    Common-law couples",3630
"      Without children at home",1925
"      With children at home",1705
"        1 child",910
"        2 children",590
"        3 or more children",200
"  Total lone-parent families by sex of parent and number of children - 20% Sample Data [5]",6305
"    Female parent",5245
"      1 child",3315
"      2 children",1320
"      3 or more children",615
"    Male parent",1055
"      1 child",705
"      2 children",260
"      3 or more children",90
"Total number of children at home - 20% Sample Data [6]",45565
"  Under 6 years of age",9420
"  6-14 years",17130
"  15-17 years",6080
"  18-24 years",8540
"  25 years and over",4395
"Average number of children at home per census family [7]",1.2
"Total number of persons in private households - 20% Sample Data [8]",133070
"  Number of non-family persons",16960
"    Living with relatives [9]",2190
"    Living with non-relatives only",3190
"    Living alone",11580
"  Number of family persons",116110
"Average number of persons per census family",3.0
"Total number of persons 65 years and over - 20% Sample Data [10]",16945
"  Number of non-family persons 65 years and over",6095
"    Living with relatives [11]",870
"    Living with non-relatives only",175
"    Living alone",5045
"  Number of family persons 65 years and over",10855
"Total number of occupied private dwellings - 20% Sample Data [12]",50795
"Average number of rooms per dwelling",6.7
"Average number of bedrooms per dwelling",2.9
"Owned",37120
"Rented",13530
"Band housing",140
"Regular maintenance only",30585
"Minor repairs",15390
"Major repairs",4830
"Period of construction, before 1946",11595
"Period of construction, 1946-1960",5640
"Period of construction, 1961-1970",5560
"Period of construction, 1971-1980",11435
"Period of construction, 1981-1990",8970
"Period of construction, 1991-1995",3915
"Period of construction, 1996-2001 [13]",3680
"Total number of occupied private dwellings by structural type of dwelling - 100% Data [14]",50795
"  Single-detached house",36890
"  Semi-detached house",2405
"  Row house",1290
"  Apartment, detached duplex",845
"  Apartment, building that has five or more storeys",30
"  Apartment, building that has fewer than five storeys [15]",6945
"  Other single-attached house",165
"  Movable dwelling [16]",2225
"Total number of private households by household size - 100% Data [17]",50795
"  1 person",11595
"  2 persons",16785
"  3 persons",9025
"  4-5 persons",11895
"  6 or more persons",1495
"Number of persons in private households",133070
"Average number of persons in private households",2.6
"Total number of private households by household type - 20% Sample Data [18]",50795
"  One-family households",36920
"  Multiple-family households",745
"  Non-family households",13130
"Profile of Marital Status, Common-law Status, Families, Dwellings and Households, for Canada, Provinces, Territories, Census Divisions and Census Subdivisions, 2001 Census"
"Geography = Nova Scotia - Nouvelle-…cosse"
"Total population 15 years and over by legal marital status - 100% Data [1]",742985
"  Never legally married (single)",230960
"  Legally married (and not separated)",381410
"  Separated, but still legally married",24920
"  Divorced",51945
"  Widowed",53750
"Total population 15 years and over by common-law status - 100% Data [2]",742985
"  Not in a common-law relationship",684180
"  Not in a common-law relationship",684180
"  In a common-law relationship",58800
"Total number of census families in private households - 20% Sample Data [3]",262910
"  Total couple families by family structure and number of children - 20% Sample Data [4]",218770
"    Married couples",188805
"      Without children at home",83930
"      With children at home",104875
"        1 child",41025
"        2 children",44840
"        3 or more children",19005
"    Common-law couples",29965
"      Without children at home",17260
"      With children at home",12705
"        1 child",6890
"        2 children",4165
"        3 or more children",1650
"  Total lone-parent families by sex of parent and number of children - 20% Sample Data [5]",44135
"    Female parent",36695
"      1 child",22515
"      2 children",10355
"      3 or more children",3825
"    Male parent",7440
"      1 child",5255
"      2 children",1745
"      3 or more children",445
"Total number of children at home - 20% Sample Data [6]",279785
"  Under 6 years of age",58075
"  6-14 years",105980
"  15-17 years",36785
"  18-24 years",50770
"  25 years and over",28170
"Average number of children at home per census family [7]",1.1
"Total number of persons in private households - 20% Sample Data [8]",895310
"  Number of non-family persons",133845
"    Living with relatives [9]",16050
"    Living with non-relatives only",28785
"    Living alone",89005
"  Number of family persons",761465
"Average number of persons per census family",2.9
"Total number of persons 65 years and over - 20% Sample Data [10]",118740
"  Number of non-family persons 65 years and over",45365
"    Living with relatives [11]",7440
"    Living with non-relatives only",2115
"    Living alone",35815
"  Number of family persons 65 years and over",73370
"Total number of occupied private dwellings - 20% Sample Data [12]",360020
"Average number of rooms per dwelling",6.5
"Average number of bedrooms per dwelling",2.7
"Owned",254720
"Rented",103655
"Band housing",1645
"Regular maintenance only",209550
"Minor repairs",111410
"Major repairs",39065
"Period of construction, before 1946",78765
"Period of construction, 1946-1960",49460
"Period of construction, 1961-1970",44545
"Period of construction, 1971-1980",73670
"Period of construction, 1981-1990",64925
"Period of construction, 1991-1995",25355
"Period of construction, 1996-2001 [13]",23295
"Total number of occupied private dwellings by structural type of dwelling - 100% Data [14]",360020
"  Single-detached house",246435
"  Semi-detached house",17205
"  Row house",7930
"  Apartment, detached duplex",10800
"  Apartment, building that has five or more storeys",13370
"  Apartment, building that has fewer than five storeys [15]",49825
"  Other single-attached house",1120
"  Movable dwelling [16]",13345
"Total number of private households by household size - 100% Data [17]",360020
"  1 person",89095
"  2 persons",126005
"  3 persons",62770
"  4-5 persons",74900
"  6 or more persons",7255
"Number of persons in private households",895310
"Average number of persons in private households",2.5
"Total number of private households by household type - 20% Sample Data [18]",360025
"  One-family households",253410
"  Multiple-family households",4690
"  Non-family households",101915
"Profile of Marital Status, Common-law Status, Families, Dwellings and Households, for Canada, Provinces, Territories, Census Divisions and Census Subdivisions, 2001 Census"
"Geography = New Brunswick - Nouveau-Brunswick"
"Total population 15 years and over by legal marital status - 100% Data [1]",599400
"  Never legally married (single)",189530
"  Legally married (and not separated)",308555
"  Separated, but still legally married",22335
"  Divorced",37070
"  Widowed",41910
"Total population 15 years and over by common-law status - 100% Data [2]",599400
"  Not in a common-law relationship",545005
"  In a common-law relationship",54395
"Total number of census families in private households - 20% Sample Data [3]",215105
"  Total couple families by family structure and number of children - 20% Sample Data [4]",180490
"    Married couples",152760
"      Without children at home",66420
"      With children at home",86345
"        1 child",35530
"        2 children",36660
"        3 or more children",14155
"    Common-law couples",27730
"      Without children at home",14790
"      With children at home",12940
"        1 child",6895
"        2 children",4470
"        3 or more children",1575
"  Total lone-parent families by sex of parent and number of children - 20% Sample Data [5]",34610
"    Female parent",28075
"      1 child",18460
"      2 children",7225
"      3 or more children",2385
"    Male parent",6535
"      1 child",4810
"      2 children",1430
"      3 or more children",295
"Total number of children at home - 20% Sample Data [6]",224885
"  Under 6 years of age",45930
"  6-14 years",83530
"  15-17 years",29620
"  18-24 years",42200
"  25 years and over",23600
"Average number of children at home per census family [7]",1.0
"Total number of persons in private households - 20% Sample Data [8]",717535
"  Number of non-family persons",97060
"    Living with relatives [9]",12770
"    Living with non-relatives only",20700
"    Living alone",63585
"  Number of family persons",620475
"Average number of persons per census family",2.9
"Total number of persons 65 years and over - 20% Sample Data [10]",92175
"  Number of non-family persons 65 years and over",33490
"    Living with relatives [11]",5355
"    Living with non-relatives only",1835
"    Living alone",26300
"  Number of family persons 65 years and over",58680
"Total number of occupied private dwellings - 20% Sample Data [12]",283820
"Average number of rooms per dwelling",6.5
"Average number of bedrooms per dwelling",2.8
"Owned",211410
"Rented",71080
"Band housing",1325
"Regular maintenance only",162155
"Minor repairs",89445
"Major repairs",32220
"Period of construction, before 1946",52665
"Period of construction, 1946-1960",39680
"Period of construction, 1961-1970",36225
"Period of construction, 1971-1980",65740
"Period of construction, 1981-1990",48775
"Period of construction, 1991-1995",21950
"Period of construction, 1996-2001 [13]",18785
"Total number of occupied private dwellings by structural type of dwelling - 100% Data [14]",283820
"  Single-detached house",206765
"  Semi-detached house",8135
"  Row house",6760
"  Apartment, detached duplex",11635
"  Apartment, building that has five or more storeys",3525
"  Apartment, building that has fewer than five storeys [15]",35280
"  Other single-attached house",1155
"  Movable dwelling [16]",10570
"Total number of private households by household size - 100% Data [17]",283820
"  1 person",63700
"  2 persons",100755
"  3 persons",52915
"  4-5 persons",61170
"  6 or more persons",5275
"Number of persons in private households",717540
"Average number of persons in private households",2.5
"Total number of private households by household type - 20% Sample Data [18]",283820
"  One-family households",206825
"  Multiple-family households",4115
"  Non-family households",72875
"Profile of Marital Status, Common-law Status, Families, Dwellings and Households, for Canada, Provinces, Territories, Census Divisions and Census Subdivisions, 2001 Census"
"Geography = Quebec - QuÈbec [1]"
"Total population 15 years and over by legal marital status - 100% Data [2]",5945900
"  Never legally married (single)",2421290
"  Legally married (and not separated)",2393625
"  Separated, but still legally married",139190
"  Divorced",595170
"  Widowed",396625
"  Widowed",396625
"Total population 15 years and over by common-law status - 100% Data [3]",5945900
"  Not in a common-law relationship",4933970
"  In a common-law relationship",1011930
"Total number of census families in private households - 20% Sample Data [4]",2019555
"  Total couple families by family structure and number of children - 20% Sample Data [5]",1683960
"    Married couples",1175440
"      Without children at home",505185
"      With children at home",670255
"        1 child",254910
"        2 children",287215
"        3 or more children",128125
"    Common-law couples",508520
"      Without children at home",246555
"      With children at home",261965
"        1 child",122375
"        2 children",105865
"        3 or more children",33720
"  Total lone-parent families by sex of parent and number of children - 20% Sample Data [6]",335595
"    Female parent",267570
"      1 child",167550
"      2 children",75930
"      3 or more children",24085
"    Male parent",68025
"      1 child",45785
"      2 children",17705
"      3 or more children",4535
"Total number of children at home - 20% Sample Data [7]",2190140
"  Under 6 years of age",460670
"  6-14 years",824900
"  15-17 years",267295
"  18-24 years",429445
"  25 years and over",207825
"Average number of children at home per census family [8]",1.1
"Total number of persons in private households - 20% Sample Data [9]",7097855
"  Number of non-family persons",1204200
"    Living with relatives [10]",117735
"    Living with non-relatives only",205700
"    Living alone",880765
"  Number of family persons",5893655
"Average number of persons per census family",2.9
"Total number of persons 65 years and over - 20% Sample Data [11]",865235
"  Number of non-family persons 65 years and over",330920
"    Living with relatives [12]",43795
"    Living with non-relatives only",17840
"    Living alone",269280
"  Number of family persons 65 years and over",534315
"Total number of occupied private dwellings - 20% Sample Data [13]",2978115
"Average number of rooms per dwelling",5.8
"Average number of bedrooms per dwelling",2.5
"Owned",1724465
"Rented",1249455
"Band housing",4190
"Regular maintenance only",1963430
"Minor repairs",781860
"Major repairs",232820
"Period of construction, before 1946",450230
"Period of construction, 1946-1960",533870
"Period of construction, 1961-1970",505720
"Period of construction, 1971-1980",610275
"Period of construction, 1981-1990",530580
"Period of construction, 1991-1995",207945
"Period of construction, 1996-2001 [14]",139495
"Total number of occupied private dwellings by structural type of dwelling - 100% Data [15]",2978115
"  Single-detached house",1370505
"  Semi-detached house",144440
"  Row house",79795
"  Apartment, detached duplex",155345
"  Apartment, building that has five or more storeys",154220
"  Apartment, building that has fewer than five storeys [16]",1033275
"  Other single-attached house",19175
"  Movable dwelling [17]",21355
"Total number of private households by household size - 100% Data [18]",2978110
"  1 person",881270
"  2 persons",982215
"  3 persons",488010
"  4-5 persons",571565
"  6 or more persons",55055
"Number of persons in private households",7097855
"Average number of persons in private households",2.4
"Total number of private households by household type - 20% Sample Data [19]",2978110
"  One-family households",1969390
"  Multiple-family households",24760
"  Non-family households",983960
"Profile of Marital Status, Common-law Status, Families, Dwellings and Households, for Canada, Provinces, Territories, Census Divisions and Census Subdivisions, 2001 Census"
"Geography = Ontario [1]"
"Total population 15 years and over by legal marital status - 100% Data [2]",9177300
"  Never legally married (single)",2793080
"  Legally married (and not separated)",4897095
"  Separated, but still legally married",311385
"  Divorced",597595
"  Widowed",578150
"Total population 15 years and over by common-law status - 100% Data [3]",9177300
"  Not in a common-law relationship",8592790
"  In a common-law relationship",584505
"Total number of census families in private households - 20% Sample Data [4]",3190990
"  Total couple families by family structure and number of children - 20% Sample Data [5]",2704880
"    Married couples",2406340
"      Without children at home",936430
"      With children at home",1469910
"        1 child",506320
"        2 children",654605
"        3 or more children",308985
"    Common-law couples",298545
"      Without children at home",173665
"      With children at home",124875
"        1 child",60985
"        2 children",44030
"        3 or more children",19855
"  Total lone-parent families by sex of parent and number of children - 20% Sample Data [6]",486105
"    Female parent",401245
"      1 child",236010
"      2 children",118180
"      3 or more children",47050
"    Male parent",84860
"      1 child",55380
"      2 children",22355
"      3 or more children",7120
"Total number of children at home - 20% Sample Data [7]",3809265
"  Under 6 years of age",818690
"  6-14 years",1402155
"  15-17 years",456415
"  18-24 years",724900
"  25 years and over",407100
"Average number of children at home per census family [8]",1.2
"Total number of persons in private households - 20% Sample Data [9]",11254730
"  Number of non-family persons",1549595
"    Living with relatives [10]",227345
"    Living with non-relatives only",332085
"    Living alone",990160
"  Number of family persons",9705130
"Average number of persons per census family",3.0
"Total number of persons 65 years and over - 20% Sample Data [11]",1379970
"  Number of non-family persons 65 years and over",474580
"    Living with relatives [12]",84505
"    Living with non-relatives only",20525
"    Living alone",369550
"  Number of family persons 65 years and over",905390
"Total number of occupied private dwellings - 20% Sample Data [13]",4219410
"Average number of rooms per dwelling",6.4
"Average number of bedrooms per dwelling",2.7
"Owned",2862295
"Rented",1351365
"Band housing",5750
"Regular maintenance only",2830380
"Minor repairs",1074735
"Major repairs",314300
"Period of construction, before 1946",703410
"Period of construction, 1946-1960",692700
"Period of construction, 1961-1970",680890
"Period of construction, 1971-1980",795115
"Period of construction, 1981-1990",743770
"Period of construction, 1991-1995",286800
"Period of construction, 1996-2001 [14]",316730
"Total number of occupied private dwellings by structural type of dwelling - 100% Data [15]",4219410
"  Single-detached house",2447800
"  Semi-detached house",262770
"  Row house",307335
"  Apartment, detached duplex",92260
"  Apartment, building that has five or more storeys",678320
"  Apartment, building that has fewer than five storeys [16]",406020
"  Other single-attached house",12530
"  Movable dwelling [17]",12370
"Total number of private households by household size - 100% Data [18]",4219410
"  1 person",992155
"  2 persons",1327525
"  3 persons",699705
"  4-5 persons",1043530
"  6 or more persons",156495
"Number of persons in private households",11254730
"Average number of persons in private households",2.7
"Total number of private households by household type - 20% Sample Data [19]",4219410
"  One-family households",2986075
"  Multiple-family households",99425
"  Non-family households",1133910
"Profile of Marital Status, Common-law Status, Families, Dwellings and Households, for Canada, Provinces, Territories, Census Divisions and Census Subdivisions, 2001 Census"
"Geography = Manitoba [1]"
"Total population 15 years and over by legal marital status - 100% Data [2]",885870
"  Never legally married (single)",281545
"  Legally married (and not separated)",458435
"  Separated, but still legally married",24915
"  Divorced",57125
"  Widowed",63845
"Total population 15 years and over by common-law status - 100% Data [3]",885870
"  Not in a common-law relationship",827585
"  In a common-law relationship",58280
"Total number of census families in private households - 20% Sample Data [4]",302855
"  Total couple families by family structure and number of children - 20% Sample Data [5]",253690
"    Married couples",224055
"      Without children at home",94870
"      With children at home",129185
"        1 child",43810
"        2 children",54170
"        3 or more children",31210
"    Common-law couples",29635
"      Without children at home",16320
"      With children at home",13320
"        1 child",6115
"        2 children",4290
"        3 or more children",2905
"  Total lone-parent families by sex of parent and number of children - 20% Sample Data [6]",49160
"    Female parent",40100
"      1 child",23525
"      2 children",10970
"      3 or more children",5605
"    Male parent",9060
"      1 child",5840
"      2 children",2290
"      3 or more children",925
"Total number of children at home - 20% Sample Data [7]",362115
"  Under 6 years of age",84175
"  6-14 years",143300
"  15-17 years",46475
"  18-24 years",59895
"  25 years and over",28265
"Average number of children at home per census family [8]",1.2
"Total number of persons in private households - 20% Sample Data [9]",1090625
"  Number of non-family persons",171965
"    Living with relatives [10]",19125
"    Living with non-relatives only",31080
"    Living alone",121760
"  Number of family persons",918660
"Average number of persons per census family",3.0
"Total number of persons 65 years and over - 20% Sample Data [11]",144660
"  Number of non-family persons 65 years and over",56285
"    Living with relatives [12]",5200
"    Living with non-relatives only",1505
"    Living alone",49585
"  Number of family persons 65 years and over",88370
"Total number of occupied private dwellings - 20% Sample Data [13]",432550
"Average number of rooms per dwelling",6.1
"Average number of bedrooms per dwelling",2.6
"Owned",293295
"Rented",128930
"Band housing",10330
"Regular maintenance only",253215
"Minor repairs",131450
"Major repairs",47890
"Period of construction, before 1946",78465
"Period of construction, 1946-1960",79475
"Period of construction, 1961-1970",73930
"Period of construction, 1971-1980",92465
"Period of construction, 1981-1990",69275
"Period of construction, 1991-1995",20175
"Period of construction, 1996-2001 [14]",18765
"Total number of occupied private dwellings by structural type of dwelling - 100% Data [15]",432550
"  Single-detached house",298230
"  Semi-detached house",12945
"  Row house",13745
"  Apartment, detached duplex",5730
"  Apartment, building that has five or more storeys",37625
"  Apartment, building that has fewer than five storeys [16]",55570
"  Other single-attached house",1110
"  Movable dwelling [17]",7600
"Total number of private households by household size - 100% Data [18]",432555
"  1 person",121950
"  2 persons",139505
"  3 persons",63570
"  4-5 persons",92365
"  6 or more persons",15160
"Number of persons in private households",1090625
"Average number of persons in private households",2.5
"Total number of private households by household type - 20% Sample Data [19]",432550
"  One-family households",289975
"  Multiple-family households",6240
"  Non-family households",136335
"Profile of Marital Status, Common-law Status, Families, Dwellings and Households, for Canada, Provinces, Territories, Census Divisions and Census Subdivisions, 2001 Census"
"Geography = Saskatchewan [1]"
"Total population 15 years and over by legal marital status - 100% Data [2]",771710
"  Never legally married (single)",243580
"  Legally married (and not separated)",404175
"  Separated, but still legally married",19245
"  Divorced",46945
"  Widowed",57760
"Total population 15 years and over by common-law status - 100% Data [3]",771705
"  Not in a common-law relationship",722305
"  In a common-law relationship",49405
"Total number of census families in private households - 20% Sample Data [4]",265620
"  Total couple families by family structure and number of children - 20% Sample Data [5]",223555
"    Married couples",198300
"      Without children at home",89895
"      With children at home",108405
"        1 child",34485
"        2 children",44680
"        3 or more children",29240
"    Common-law couples",25255
"      Without children at home",13365
"      With children at home",11890
"        1 child",5235
"        2 children",3840
"        3 or more children",2820
"  Total lone-parent families by sex of parent and number of children - 20% Sample Data [6]",42070
"    Female parent",34160
"      1 child",18765
"      2 children",9405
"      3 or more children",5990
"    Male parent",7910
"      1 child",4980
"      2 children",2030
"      3 or more children",890
"Total number of children at home - 20% Sample Data [7]",316680
"  Under 6 years of age",72615
"  6-14 years",130415
"  15-17 years",45640
"  18-24 years",49645
"  25 years and over",18355
"Average number of children at home per census family [8]",1.2
"Total number of persons in private households - 20% Sample Data [9]",956630
"  Number of non-family persons",150780
"    Living with relatives [10]",16045
"    Living with non-relatives only",29590
"    Living alone",105150
"  Number of family persons",805855
"Average number of persons per census family",3.0
"Total number of persons 65 years and over - 20% Sample Data [11]",136195
"  Number of non-family persons 65 years and over",52370
"    Living with relatives [12]",3590
"    Living with non-relatives only",1605
"    Living alone",47175
"  Number of family persons 65 years and over",83820
"Total number of occupied private dwellings - 20% Sample Data [13]",379680
"Average number of rooms per dwelling",6.6
"Average number of bedrooms per dwelling",2.9
"Owned",268790
"Rented",101815
"Band housing",9075
"Regular maintenance only",221070
"Minor repairs",119410
"Major repairs",39200
"Period of construction, before 1946",58685
"Period of construction, 1946-1960",64295
"Period of construction, 1961-1970",66930
"Period of construction, 1971-1980",93960
"Period of construction, 1981-1990",65765
"Period of construction, 1991-1995",11980
"Period of construction, 1996-2001 [14]",18060
"Total number of occupied private dwellings by structural type of dwelling - 100% Data [15]",379675
"  Single-detached house",288075
"  Semi-detached house",9990
"  Row house",10765
"  Apartment, detached duplex",6055
"  Apartment, building that has five or more storeys",10720
"  Apartment, building that has fewer than five storeys [16]",46240
"  Other single-attached house",940
"  Movable dwelling [17]",6900
"Total number of private households by household size - 100% Data [18]",379675
"  1 person",105220
"  2 persons",127265
"  3 persons",53400
"  4-5 persons",80330
"  6 or more persons",13465
"Number of persons in private households",956630
"Average number of persons in private households",2.5
"Total number of private households by household type - 20% Sample Data [19]",379675
"  One-family households",256375
"  Multiple-family households",4480
"  Non-family households",118820
"Profile of Marital Status, Common-law Status, Families, Dwellings and Households, for Canada, Provinces, Territories, Census Divisions and Census Subdivisions, 2001 Census"
"Geography = Alberta [1]"
"Total population 15 years and over by legal marital status - 100% Data [2]",2357215
"  Never legally married (single)",770345
"  Legally married (and not separated)",1224055
"  Separated, but still legally married",67580
"  Divorced",177980
"  Widowed",117260
"Total population 15 years and over by common-law status - 100% Data [3]",2357215
"  Not in a common-law relationship",2173035
"  In a common-law relationship",184180
"Total number of census families in private households - 20% Sample Data [4]",811280
"  Total couple families by family structure and number of children - 20% Sample Data [5]",694760
"    Married couples",600995
"      Without children at home",241745
"      With children at home",359250
"        1 child",118145
"        2 children",158595
"        3 or more children",82515
"    Common-law couples",93765
"      Without children at home",55910
"      With children at home",37855
"        1 child",18500
"        2 children",12415
"        3 or more children",6940
"  Total lone-parent families by sex of parent and number of children - 20% Sample Data [6]",116525
"    Female parent",92945
"      1 child",54065
"      2 children",27195
"      3 or more children",11685
"    Male parent",23580
"      1 child",15460
"      2 children",6135
"      3 or more children",1975
"Total number of children at home - 20% Sample Data [7]",962450
"  Under 6 years of age",223715
"  6-14 years",384000
"  15-17 years",128465
"  18-24 years",160430
"  25 years and over",65830
"Average number of children at home per census family [8]",1.2
"Total number of persons in private households - 20% Sample Data [9]",2918920
"  Number of non-family persons",450425
"    Living with relatives [10]",54625
"    Living with non-relatives only",140420
"    Living alone",255380
"  Number of family persons",2468495
"Average number of persons per census family",3.0
"Total number of persons 65 years and over - 20% Sample Data [11]",282915
"  Number of non-family persons 65 years and over",96370
"    Living with relatives [12]",12690
"    Living with non-relatives only",5275
"    Living alone",78405
"  Number of family persons 65 years and over",186550
"Total number of occupied private dwellings - 20% Sample Data [13]",1104100
"Average number of rooms per dwelling",6.6
"Average number of bedrooms per dwelling",2.9
"Owned",777480
"Rented",319090
"Band housing",7530
"Regular maintenance only",711195
"Minor repairs",306640
"Major repairs",86260
"Period of construction, before 1946",70145
"Period of construction, 1946-1960",144360
"Period of construction, 1961-1970",162660
"Period of construction, 1971-1980",309165
"Period of construction, 1981-1990",201115
"Period of construction, 1991-1995",93200
"Period of construction, 1996-2001 [14]",123450
"Total number of occupied private dwellings by structural type of dwelling - 100% Data [15]",1104100
"  Single-detached house",716745
"  Semi-detached house",47925
"  Row house",78265
"  Apartment, detached duplex",22170
"  Apartment, building that has five or more storeys",49470
"  Apartment, building that has fewer than five storeys [16]",151420
"  Other single-attached house",1570
"  Movable dwelling [17]",36530
"Total number of private households by household size - 100% Data [18]",1104100
"  1 person",255725
"  2 persons",366605
"  3 persons",178300
"  4-5 persons",263690
"  6 or more persons",39780
"Number of persons in private households",2918920
"Average number of persons in private households",2.6
"Total number of private households by household type - 20% Sample Data [19]",1104100
"  One-family households",771995
"  Multiple-family households",19080
"  Non-family households",313030
"Profile of Marital Status, Common-law Status, Families, Dwellings and Households, for Canada, Provinces, Territories, Census Divisions and Census Subdivisions, 2001 Census"
"Geography = British Columbia - Colombie-Britannique [1]"
"Total population 15 years and over by legal marital status - 100% Data [2]",3201665
"  Never legally married (single)",1011280
"  Legally married (and not separated)",1626230
"  Separated, but still legally married",109970
"  Divorced",260270
"  Widowed",193920
"Total population 15 years and over by common-law status - 100% Data [3]",3201665
"  Not in a common-law relationship",2966610
"  In a common-law relationship",235055
"Total number of census families in private households - 20% Sample Data [4]",1086030
"  Total couple families by family structure and number of children - 20% Sample Data [5]",917615
"    Married couples",797490
"      Without children at home",351875
"      With children at home",445610
"        1 child",155805
"        2 children",197975
"        3 or more children",91825
"    Common-law couples",120125
"      Without children at home",77605
"      With children at home",42520
"        1 child",21155
"        2 children",14425
"        3 or more children",6940
"  Total lone-parent families by sex of parent and number of children - 20% Sample Data [6]",168420
"    Female parent",136455
"      1 child",80025
"      2 children",40750
"      3 or more children",15675
"    Male parent",31960
"      1 child",21305
"      2 children",8220
"      3 or more children",2445
"Total number of children at home - 20% Sample Data [7]",1187490
"  Under 6 years of age",250945
"  6-14 years",448630
"  15-17 years",157335
"  18-24 years",222545
"  25 years and over",108035
"Average number of children at home per census family [8]",1.1
"Total number of persons in private households - 20% Sample Data [9]",3858735
"  Number of non-family persons",667595
"    Living with relatives [10]",76980
"    Living with non-relatives only",172480
"    Living alone",418140
"  Number of family persons",3191140
"Average number of persons per census family",2.9
"Total number of persons 65 years and over - 20% Sample Data [11]",503625
"  Number of non-family persons 65 years and over",179135
"    Living with relatives [12]",26595
"    Living with non-relatives only",9145
"    Living alone",143395
"  Number of family persons 65 years and over",324490
"Total number of occupied private dwellings - 20% Sample Data [13]",1534335
"Average number of rooms per dwelling",6.2
"Average number of bedrooms per dwelling",2.6
"Owned",1017485
"Rented",512360
"Band housing",4485
"Regular maintenance only",1037205
"Minor repairs",368295
"Major repairs",128835
"Period of construction, before 1946",135990
"Period of construction, 1946-1960",179310
"Period of construction, 1961-1970",222170
"Period of construction, 1971-1980",355125
"Period of construction, 1981-1990",302975
"Period of construction, 1991-1995",195605
"Period of construction, 1996-2001 [14]",143155
"Total number of occupied private dwellings by structural type of dwelling - 100% Data [15]",1534335
"  Single-detached house",841540
"  Semi-detached house",46320
"  Row house",97265
"  Apartment, detached duplex",97340
"  Apartment, building that has five or more storeys",101570
"  Apartment, building that has fewer than five storeys [16]",302780
"  Other single-attached house",3605
"  Movable dwelling [17]",43915
"Total number of private households by household size - 100% Data [18]",1534335
"  1 person",418940
"  2 persons",515005
"  3 persons",227070
"  4-5 persons",319545
"  6 or more persons",53770
"Number of persons in private households",3858730
"Average number of persons in private households",2.5
"Total number of private households by household type - 20% Sample Data [19]",1534335
"  One-family households",1012925
"  Multiple-family households",35050
"  Non-family households",486355
"Profile of Marital Status, Common-law Status, Families, Dwellings and Households, for Canada, Provinces, Territories, Census Divisions and Census Subdivisions, 2001 Census"
"Geography = Yukon Territory - Territoire du Yukon"
"Total population 15 years and over by legal marital status - 100% Data [1]",22640
"  Never legally married (single)",9430
"  Legally married (and not separated)",9160
"  Separated, but still legally married",1015
"  Divorced",2235
"  Widowed",800
"Total population 15 years and over by common-law status - 100% Data [2]",22640
"  Not in a common-law relationship",19085
"  In a common-law relationship",3555
"Total number of census families in private households - 20% Sample Data [3]",7810
"  Total couple families by family structure and number of children - 20% Sample Data [4]",6265
"    Married couples",4465
"      Without children at home",1825
"      With children at home",2645
"        1 child",950
"        2 children",1120
"        3 or more children",565
"    Common-law couples",1795
"      Without children at home",930
"      With children at home",865
"        1 child",380
"        2 children",345
"        3 or more children",140
"  Total lone-parent families by sex of parent and number of children - 20% Sample Data [5]",1550
"    Female parent",1225
"      1 child",650
"      2 children",380
"      3 or more children",195
"    Male parent",325
"      1 child",220
"      2 children",85
"      3 or more children",20
"Total number of children at home - 20% Sample Data [6]",9160
"  Under 6 years of age",2015
"  6-14 years",3845
"  15-17 years",1355
"  18-24 years",1445
"  25 years and over",500
"Average number of children at home per census family [7]",1.2
"Total number of persons in private households - 20% Sample Data [8]",28165
"  Number of non-family persons",4925
"    Living with relatives [9]",425
"    Living with non-relatives only",1230
"    Living alone",3265
"  Number of family persons",23235
"Average number of persons per census family",3.0
"Total number of persons 65 years and over - 20% Sample Data [10]",1610
"  Number of non-family persons 65 years and over",675
"    Living with relatives [11]",60
"    Living with non-relatives only",20
"    Living alone",595
"  Number of family persons 65 years and over",930
"Total number of occupied private dwellings - 20% Sample Data [12]",11365
"Average number of rooms per dwelling",5.9
"Average number of bedrooms per dwelling",2.5
"Owned",7155
"Rented",3545
"Band housing",665
"Regular maintenance only",6450
"Minor repairs",3340
"Major repairs",1575
"Period of construction, before 1946",365
"Period of construction, 1946-1960",1030
"Period of construction, 1961-1970",1505
"Period of construction, 1971-1980",3345
"Period of construction, 1981-1990",2445
"Period of construction, 1991-1995",1520
"Period of construction, 1996-2001 [13]",1145
"Total number of occupied private dwellings by structural type of dwelling - 100% Data [14]",11365
"  Single-detached house",7750
"  Semi-detached house",765
"  Row house",420
"  Apartment, detached duplex",265
"  Apartment, building that has five or more storeys",5
"  Apartment, building that has fewer than five storeys [15]",1225
"  Other single-attached house",30
"  Movable dwelling [16]",915
"Total number of private households by household size - 100% Data [17]",11365
"  1 person",3265
"  2 persons",3495
"  3 persons",1920
"  4-5 persons",2385
"  6 or more persons",300
"Number of persons in private households",28165
"Average number of persons in private households",2.5
"Total number of private households by household type - 20% Sample Data [18]",11365
"  One-family households",7525
"  Multiple-family households",135
"  Non-family households",3700
"Profile of Marital Status, Common-law Status, Families, Dwellings and Households, for Canada, Provinces, Territories, Census Divisions and Census Subdivisions, 2001 Census"
"Geography = Northwest Territories - Territoires du Nord-Ouest [1]"
"Total population 15 years and over by legal marital status - 100% Data [2]",27250
"  Never legally married (single)",13185
"  Legally married (and not separated)",10535
"  Separated, but still legally married",960
"  Divorced",1700
"  Widowed",880
"Total population 15 years and over by common-law status - 100% Data [3]",27250
"  Not in a common-law relationship",22255
"  In a common-law relationship",5000
"Total number of census families in private households - 20% Sample Data [4]",9705
"  Total couple families by family structure and number of children - 20% Sample Data [5]",7665
"    Married couples",5110
"      Without children at home",1510
"      With children at home",3600
"        1 child",1095
"        2 children",1425
"        3 or more children",1080
"    Common-law couples",2555
"      Without children at home",1045
"      With children at home",1510
"        1 child",555
"        2 children",530
"        3 or more children",425
"  Total lone-parent families by sex of parent and number of children - 20% Sample Data [6]",2035
"    Female parent",1535
"      1 child",820
"      2 children",425
"      3 or more children",290
"    Male parent",500
"      1 child",315
"      2 children",120
"      3 or more children",70
"Total number of children at home - 20% Sample Data [7]",14445
"  Under 6 years of age",3665
"  6-14 years",6275
"  15-17 years",1660
"  18-24 years",2035
"  25 years and over",810
"Average number of children at home per census family [8]",1.5
"Total number of persons in private households - 20% Sample Data [9]",36960
"  Number of non-family persons",5145
"    Living with relatives [10]",815
"    Living with non-relatives only",1545
"    Living alone",2785
"  Number of family persons",31815
"Average number of persons per census family",3.3
"Total number of persons 65 years and over - 20% Sample Data [11]",1555
"  Number of non-family persons 65 years and over",630
"    Living with relatives [12]",160
"    Living with non-relatives only",30
"    Living alone",440
"  Number of family persons 65 years and over",925
"Total number of occupied private dwellings - 20% Sample Data [13]",12565
"Average number of rooms per dwelling",5.7
"Average number of bedrooms per dwelling",2.6
"Owned",6680
"Rented",5725
"Band housing",165
"Regular maintenance only",6495
"Minor repairs",4050
"Major repairs",2015
"Period of construction, before 1946",90
"Period of construction, 1946-1960",525
"Period of construction, 1961-1970",1815
"Period of construction, 1971-1980",3545
"Period of construction, 1981-1990",3835
"Period of construction, 1991-1995",1860
"Period of construction, 1996-2001 [14]",890
"Total number of occupied private dwellings by structural type of dwelling - 100% Data [15]",12565
"  Single-detached house",8080
"  Semi-detached house",510
"  Row house",1040
"  Apartment, detached duplex",135
"  Apartment, building that has five or more storeys",245
"  Apartment, building that has fewer than five storeys [16]",2035
"  Other single-attached house",30
"  Movable dwelling [17]",485
"Total number of private households by household size - 100% Data [18]",12565
"  1 person",2785
"  2 persons",3275
"  3 persons",2175
"  4-5 persons",3425
"  6 or more persons",905
"Number of persons in private households",36955
"Average number of persons in private households",2.9
"Total number of private households by household type - 20% Sample Data [19]",12565
"  One-family households",8825
"  Multiple-family households",420
"  Non-family households",3315
"Profile of Marital Status, Common-law Status, Families, Dwellings and Households, for Canada, Provinces, Territories, Census Divisions and Census Subdivisions, 2001 Census"
"Geography = Nunavut [1]"
"Total population 15 years and over by legal marital status - 100% Data [2]",16820
"  Never legally married (single)",9750
"  Legally married (and not separated)",5720
"  Separated, but still legally married",375
"  Divorced",415
"  Widowed",560
"Total population 15 years and over by common-law status - 100% Data [3]",16820
"  Not in a common-law relationship",12905
"  In a common-law relationship",3915
"Total number of census families in private households - 20% Sample Data [4]",6355
"  Total couple families by family structure and number of children - 20% Sample Data [5]",4725
"    Married couples",2735
"      Without children at home",410
"      With children at home",2325
"        1 child",460
"        2 children",625
"        3 or more children",1245
"    Common-law couples",1990
"      Without children at home",475
"      With children at home",1515
"        1 child",475
"        2 children",475
"        3 or more children",560
"  Total lone-parent families by sex of parent and number of children - 20% Sample Data [6]",1635
"    Female parent",1190
"      1 child",575
"      2 children",360
"      3 or more children",260
"    Male parent",445
"      1 child",275
"      2 children",100
"      3 or more children",75
"Total number of children at home - 20% Sample Data [7]",13040
"  Under 6 years of age",4020
"  6-14 years",5815
"  15-17 years",1345
"  18-24 years",1325
"  25 years and over",530
"Average number of children at home per census family [8]",2.1
"Total number of persons in private households - 20% Sample Data [9]",26525
"  Number of non-family persons",2400
"    Living with relatives [10]",630
"    Living with non-relatives only",520
"    Living alone",1250
"  Number of family persons",24125
"Average number of persons per census family",3.8
"Total number of persons 65 years and over - 20% Sample Data [11]",690
"  Number of non-family persons 65 years and over",190
"    Living with relatives [12]",65
"    Living with non-relatives only",0
"    Living alone",120
"  Number of family persons 65 years and over",500
"Total number of occupied private dwellings - 20% Sample Data [13]",7175
"Average number of rooms per dwelling",5.2
"Average number of bedrooms per dwelling",2.6
"Owned",1730
"Rented",5440
"Band housing",0
"Regular maintenance only",3725
"Minor repairs",2085
"Major repairs",1360
"Period of construction, before 1946",20
"Period of construction, 1946-1960",120
"Period of construction, 1961-1970",925
"Period of construction, 1971-1980",1565
"Period of construction, 1981-1990",2035
"Period of construction, 1991-1995",1330
"Period of construction, 1996-2001 [14]",1175
"Total number of occupied private dwellings by structural type of dwelling - 100% Data [15]",7170
"  Single-detached house",4215
"  Semi-detached house",730
"  Row house",1395
"  Apartment, detached duplex",35
"  Apartment, building that has five or more storeys",145
"  Apartment, building that has fewer than five storeys [16]",635
"  Other single-attached house",25
"  Movable dwelling [17]",5
"Total number of private households by household size - 100% Data [18]",7175
"  1 person",1250
"  2 persons",1245
"  3 persons",1120
"  4-5 persons",2190
"  6 or more persons",1370
"Number of persons in private households",26525
"Average number of persons in private households",3.7
"Total number of private households by household type - 20% Sample Data [19]",7175
"  One-family households",5090
"  Multiple-family households",600
"  Non-family households",1485
